event_id,particle_index,pdg,charge,pt,eta,phi,mass,energy,is_final
0,4,2212,1,0.437453,-3.79828,0.548074,0.93827,9.81039,1
0,8,2112,0,0.0387317,6.12361,0.819809,0.93957,8.8905,1
0,9,211,1,0.535897,0.430454,-2.70554,0.13957,0.6027,1
0,11,22,0,0.103103,1.68546,-0.318876,0,0.287672,1
0,12,22,0,0.0122045,4.20421,2.94195,0,0.408743,1
1,17,211,1,0.129576,-2.74753,-0.7577,0.13957,1.02466,1
1,18,2112,0,0.305877,-3.82822,1.67346,0.93957,7.09804,1
1,21,211,1,0.363927,0.442697,-3.09566,0.13957,0.423815,1
1,22,-211,-1,0.468692,-0.767068,0.857788,0.13957,0.629151,1
1,24,211,1,0.776577,1.02852,-1.56543,0.13957,1.23277,1
1,25,-211,-1,0.377441,0.175302,2.48611,0.13957,0.407878,1
1,27,2212,1,0.695886,3.10115,-0.730493,0.93827,7.80478,1
1,28,22,0,0.147132,-2.14796,0.934471,0,0.638853,1
1,29,22,0,0.0543042,-1.56932,-0.604351,0,0.136074,1
1,30,22,0,0.515059,0.46969,2.32962,0,0.572924,1
1,31,22,0,0.00763107,2.08153,-2.67494,0,0.0310641,1
2,3,2212,1,0.240586,4.39236,-0.571077,0.93827,9.77003,1
2,7,211,1,0.580713,-0.628129,1.55087,0.13957,0.712885,1
2,9,2112,0,0.0926451,-4.55056,3.09374,0.93957,4.48607,1
2,10,211,1,0.421277,-2.71971,-1.57825,0.13957,3.21354,1
2,11,-211,-1,0.0987835,-2.23799,-0.599107,0.13957,0.488648,1
2,13,22,0,0.202053,-2.37004,2.83354,0,1.09021,1
2,14,22,0,0.0399582,-2.47309,-1.75552,0,0.238619,1
3,3,2212,1,0.224622,4.34996,-0.679843,0.93827,8.75319,1
3,7,321,1,0.512189,1.17258,2.96864,0.49368,1.03225,1
3,10,2112,0,0.332583,-3.66544,0.135171,0.93957,6.56938,1
3,11,130,0,0.152222,0.844327,1.76683,0.49761,0.540022,1
3,12,22,0,0.149233,-3.65804,-1.57635,0,2.89595,1
3,13,22,0,0.0318634,-2.56913,0.259528,0,0.2092,1
4,57,211,1,0.527754,-0.629817,-0.532122,0.13957,0.651067,1
4,70,211,1,0.289578,-0.934365,2.91613,0.13957,0.447761,1
4,71,2112,0,0.435313,-1.35751,0.20966,0.93957,1.30241,1
4,72,-211,-1,1.02949,0.106099,1.58109,0.13957,1.04465,1
4,75,-211,-1,1.11453,1.18631,0.186527,0.13957,2.00005,1
4,76,211,1,0.222105,-1.56897,2.55009,0.13957,0.573607,1
4,81,-211,-1,1.49303,-0.357493,-3.02794,0.13957,1.59557,1
4,84,211,1,0.152311,-1.52563,2.74048,0.13957,0.39239,1
4,86,2112,0,0.861147,-0.306671,0.330437,0.93957,1.30243,1
4,88,211,1,0.286432,-0.252659,1.82411,0.13957,0.326914,1
4,90,211,1,0.332153,0.419414,0.543712,0.13957,0.387785,1
4,91,-211,-1,0.230221,1.62249,-2.88331,0.13957,0.621706,1
4,92,-211,-1,0.504375,-0.514581,0.985909,0.13957,0.589403,1
4,94,211,1,0.86748,-0.667612,-1.25531,0.13957,1.07717,1
4,96,22,0,0.428275,-0.424159,1.59815,0,0.467382,1
4,97,22,0,0.164219,-0.749909,1.20576,0,0.2126,1
4,98,22,0,0.0600318,0.556194,-1.38586,0,0.0695592,1
4,99,22,0,0.180568,0.0308,-2.6511,0,0.180653,1
4,100,22,0,0.336863,-1.00067,0.0594219,0,0.520071,1
4,101,22,0,0.364796,-0.943008,-0.323623,0,0.539378,1
4,102,22,0,0.541217,-0.0686184,-0.978441,0,0.542492,1
4,103,22,0,0.252196,0.268018,-1.1167,0,0.261309,1
4,104,211,1,0.309582,-0.399543,-2.73519,0.13957,0.362563,1
4,105,-211,-1,0.198835,1.56853,-2.52649,0.13957,0.517069,1
4,107,211,1,0.143136,1.24801,-2.11145,0.13957,0.303803,1
4,108,-211,-1,0.912248,1.14342,-3.00481,0.13957,1.58262,1
4,110,22,0,0.0787739,0.945811,2.35056,0,0.116714,1
4,111,22,0,0.0999269,0.597723,-2.26559,0,0.118315,1
4,112,22,0,0.228551,0.466807,-1.08194,0,0.253908,1
4,113,22,0,0.162028,1.15452,-1.0925,0,0.282553,1
4,114,22,0,0.152046,-0.0914787,-1.98929,0,0.152682,1
4,115,22,0,0.0669492,-1.25496,-2.52127,0,0.126962,1
4,116,22,0,0.0907584,0.639589,2.42514,0,0.109963,1
4,117,22,0,0.0656734,-0.618085,1.23592,0,0.0786225,1
4,118,22,0,0.0274516,1.78584,-2.24929,0,0.0841698,1
4,119,22,0,0.157252,0.0618865,-2.9219,0,0.157553,1
4,120,22,0,0.431222,0.685373,-2.99817,0,0.53653,1
4,121,11,-1,0.0174525,-0.0214876,-2.77365,0.000511,0.017464,1
4,122,-11,1,0.0907496,0.175202,-2.7009,0.000511,0.0921474,1
5,4,2212,1,0.232021,-4.39547,2.4924,0.93827,9.45455,1
5,10,-211,-1,0.67885,0.378495,-2.52646,0.13957,0.741316,1
5,12,211,1,0.320281,1.92801,-0.722076,0.13957,1.13302,1
5,14,2212,1,0.399435,2.95697,1.32158,0.93827,3.96544,1
5,16,22,0,0.0340058,-1.79367,0.298652,0,0.105041,1
5,17,22,0,0.151459,-0.214005,-0.407346,0,0.154941,1
5,18,22,0,0.0134499,0.811517,0.828434,0,0.0181271,1
5,19,22,0,0.487651,2.32218,0.993973,0,2.51042,1
5,20,22,0,0.179474,2.53841,-2.10107,0,1.14312,1
5,21,22,0,0.144788,2.36061,-1.25814,0,0.774015,1
6,4,2212,1,0.301951,-4.18479,1.41057,0.93827,9.96261,1
6,11,211,1,0.283671,1.82775,1.27313,0.13957,0.915704,1
6,12,2112,0,0.584241,3.43487,-1.79759,0.93957,9.12168,1
7,24,211,1,0.287877,2.33273,-2.55748,0.13957,1.50389,1
7,29,-211,-1,1.19514,0.59207,1.74911,0.13957,1.4177,1
7,31,2212,1,0.408631,2.01249,0.571501,0.93827,1.81698,1
7,33,-211,-1,0.235379,-0.0284355,1.16161,0.13957,0.273729,1
7,35,2212,1,0.58497,-0.879353,1.26451,0.93827,1.25011,1
7,36,211,1,0.405199,-1.2784,-2.67739,0.13957,0.796264,1
7,40,211,1,0.375619,-2.55148,-1.55272,0.13957,2.42751,1
7,41,-211,-1,0.241566,-1.89343,0.115576,0.13957,0.832227,1
7,46,22,0,0.0066089,2.27213,2.81612,0,0.032394,1
7,47,22,0,0.735973,1.85644,-0.993145,0,2.41295,1
7,48,22,0,0.175937,2.86734,2.75634,0,1.55237,1
7,49,22,0,0.105847,2.5008,-2.57324,0,0.649599,1
7,50,22,0,0.278727,-0.74838,-1.3663,0,0.360492,1
7,51,22,0,0.255503,-1.10548,-1.00808,0,0.428187,1
7,52,22,0,0.0783037,-0.420002,2.02289,0,0.0853123,1
7,53,22,0,0.027428,1.48369,-0.495159,0,0.0635777,1
7,54,22,0,0.0322819,-0.517206,0.240699,0,0.0366968,1
7,55,22,0,0.16079,-0.254485,2.61579,0,0.166025,1
7,56,22,0,0.0240477,0.73456,-0.461514,0,0.0308325,1
7,57,22,0,0.188179,1.00056,2.89256,0,0.290499,1
7,58,22,0,0.0579577,-2.20383,-0.560713,0,0.265736,1
7,59,22,0,0.325385,-1.76384,-1.46874,0,0.977162,1
7,60,22,0,0.149275,-1.68576,-2.26312,0,0.416618,1
7,61,22,0,0.0165656,-3.90217,-2.55507,0,0.410245,1
7,62,22,0,0.0697323,-1.05121,1.53151,0,0.111942,1
7,63,22,0,0.0608166,-2.17354,-0.505296,0,0.270729,1
7,64,22,0,0.0187457,-1.45301,1.13679,0,0.04227,1
7,65,22,0,0.204792,-2.34482,-2.32789,0,1.07795,1
8,3,2212,1,0.414276,3.79893,-2.53143,0.93827,9.30147,1
8,12,-321,-1,0.387024,-1.93689,0.704856,0.49368,1.45653,1
8,13,211,1,0.768652,-0.00595482,-0.79828,0.13957,0.781234,1
8,14,2112,0,0.603057,-2.26371,1.47249,0.93957,3.07854,1
8,16,321,1,0.234763,-2.68097,-2.78506,0.49368,1.7911,1
8,18,22,0,0.309236,-0.521496,2.47505,0,0.352247,1
8,19,22,0,0.262967,-1.6212,-2.05907,0,0.691184,1
8,20,22,0,0.0775395,-3.65828,2.06348,0,1.50506,1
8,21,22,0,0.0726307,-3.35607,-0.115726,0,1.04265,1
9,4,2212,1,0.485324,-3.40619,2.5982,0.93827,7.38417,1
9,12,321,1,0.458034,1.04688,-1.60026,0.49368,0.883585,1
9,13,-211,-1,0.291695,1.50356,2.72454,0.13957,0.702404,1
9,15,211,1,0.0457617,4.07208,-1.12296,0.13957,1.35024,1
9,16,211,1,0.0472595,-2.73882,-0.352965,0.13957,0.392689,1
9,17,-211,-1,0.158734,-1.19708,0.301831,0.13957,0.318879,1
9,19,22,0,0.325012,0.0497674,0.349971,0,0.325414,1
9,20,22,0,0.112101,-0.295231,-0.276554,0,0.117022,1
9,21,211,1,0.124234,-0.240119,1.62426,0.13957,0.189264,1
9,22,-211,-1,0.230144,-1.73163,1.08467,0.13957,0.684878,1
9,25,22,0,0.0780955,2.83793,1.31264,0,0.669236,1
9,26,22,0,0.338503,-0.819851,-1.93103,0,0.458783,1
9,27,22,0,0.134351,-1.39656,-2.17391,0,0.288098,1
9,28,22,0,0.0420547,0.0974981,-0.919106,0,0.0422547,1
9,29,22,0,0.141997,0.036894,-3.04105,0,0.142094,1
9,30,2112,0,0.285524,3.62282,0.629822,0.93957,5.43112,1
9,32,22,0,0.116991,2.1956,-1.30835,0,0.532116,1
9,33,22,0,0.0354074,1.55725,1.68094,0,0.0877478,1
10,18,211,1,0.639712,0.0599636,1.52641,0.13957,0.655885,1
10,27,-211,-1,0.266484,0.843593,1.27294,0.13957,0.392703,1
10,29,2112,0,0.253472,-1.57528,-1.83875,0.93957,1.13606,1
10,31,2212,1,0.560352,2.80394,-2.11682,0.93827,4.73641,1
10,32,211,1,0.346226,2.51064,0.747891,0.13957,2.1501,1
10,33,22,0,0.297731,-2.96213,1.3393,0,2.88663,1
10,34,22,0,0.106429,-2.58451,2.00795,0,0.709471,1
10,35,211,1,0.0790599,-2.23797,-2.11743,0.13957,0.399927,1
10,36,-211,-1,0.12227,-2.86398,0.0401963,0.13957,1.08427,1
10,38,22,0,0.617457,0.0384568,-2.43004,0,0.617913,1
10,39,22,0,0.187943,-0.937408,2.50619,0,0.276746,1
10,43,22,0,0.277411,-0.126941,-1.02211,0,0.279649,1
10,44,22,0,0.196731,0.151872,-1.53323,0,0.199004,1
10,45,22,0,0.129141,-0.933301,-2.48982,0,0.189588,1
10,46,22,0,0.269018,-0.904037,-1.74944,0,0.386644,1
10,47,22,0,0.640743,-1.79211,-0.162382,0,1.97628,1
10,48,22,0,0.13044,-1.6291,-0.603399,0,0.345366,1
10,49,22,0,0.109936,1.93078,2.97604,0,0.386968,1
10,50,22,0,0.152081,1.02335,2.51564,0,0.238911,1
10,51,22,0,0.169047,0.829507,1.67577,0,0.230619,1
10,52,22,0,0.0898831,1.80328,1.25614,0,0.280178,1
10,53,22,0,0.156669,1.58992,1.39818,0,0.400079,1
10,54,22,0,0.0344266,0.590037,3.11556,0,0.0405952,1
11,18,2112,0,0.305422,-3.80829,2.04722,0.93957,6.95039,1
11,20,211,1,0.179488,-0.0230627,2.37099,0.13957,0.227404,1
11,24,2212,1,0.856357,2.39893,1.3199,0.93827,4.84544,1
11,25,22,0,0.214107,-2.11092,0.702291,0,0.896784,1
11,26,22,0,0.288343,-2.46891,1.11208,0,1.71481,1
11,27,22,0,0.866677,1.19996,-1.96348,0,1.56921,1
11,28,22,0,0.851784,1.35188,-1.92403,0,1.75614,1
11,32,22,0,0.0491664,2.52712,0.0011433,0,0.309681,1
11,33,22,0,0.0701821,0.569974,-0.243976,0,0.0818942,1
11,34,22,0,0.0880626,1.92945,1.85948,0,0.309582,1
11,35,22,0,0.0413117,2.8963,-1.32469,0,0.375156,1
11,36,22,0,0.276288,1.90076,-0.153149,0,0.944963,1
11,37,22,0,0.0180869,0.222065,-0.471981,0,0.0185347,1
12,3,2212,1,0.530458,3.6111,0.287236,0.93827,9.86713,1
12,8,2212,1,0.186444,-4.51521,2.71848,0.93827,8.57273,1
12,9,211,1,0.271173,-1.63386,2.85562,0.13957,0.734536,1
12,10,-211,-1,0.352636,-0.878421,-1.98719,0.13957,0.516864,1
12,12,22,0,0.089273,-1.12647,-0.384218,0,0.152162,1
12,13,22,0,0.055859,-1.69044,1.9121,0,0.156581,1
13,27,321,1,0.472998,1.45553,1.56833,0.49368,1.17747,1
13,28,-321,-1,0.550924,2.0113,-2.45901,0.49368,2.15276,1
13,29,2212,1,0.537999,3.05618,-0.142657,0.93827,5.80423,1
13,30,211,1,0.620972,0.0407667,1.29087,0.13957,0.636967,1
13,32,2212,1,0.534848,-2.41386,-3.09109,0.93827,3.15565,1
13,34,-211,-1,0.182464,-0.0502926,0.861916,0.13957,0.229907,1
13,36,22,0,0.0735726,0.699714,-2.12497,0,0.0923301,1
13,37,22,0,0.301103,-0.116068,-2.47197,0,0.303134,1
13,38,22,0,0.233874,-2.76257,-0.401586,0,1.85973,1
13,39,22,0,0.286873,-1.50421,1.51068,0,0.677419,1
13,40,22,0,0.104615,-0.275293,-1.52468,0,0.108604,1
13,41,22,0,0.342038,-0.136092,-2.23964,0,0.345211,1
13,42,22,0,0.12871,-1.29257,-3.03202,0,0.252058,1
13,43,22,0,0.157475,-1.85869,-2.25802,0,0.517402,1
13,44,22,0,0.2467,-1.46449,-1.336,0,0.562051,1
13,45,22,0,0.173626,-1.15269,-0.755752,0,0.302326,1
13,46,22,0,0.206546,-1.71025,0.486272,0,0.58981,1
13,47,22,0,0.257879,-2.24668,0.268265,0,1.23293,1
14,3,2212,1,0.451703,3.73994,-1.6865,0.93827,9.5589,1
14,7,321,1,0.612767,-0.15491,0.923529,0.49368,0.792645,1
14,9,-211,-1,0.0377366,-5.64201,1.30067,0.13957,5.32331,1
14,11,211,1,0.0303901,-1.94504,1.79503,0.13957,0.176749,1
14,12,2212,1,0.365989,-2.9706,-2.65125,0.93827,3.6994,1
14,13,-211,-1,0.0662505,-2.54984,1.53763,0.13957,0.448999,1
15,18,211,1,0.54963,0.536548,-0.282259,0.13957,0.64592,1
15,19,2212,1,0.534574,3.03003,2.64084,0.93827,5.62402,1
15,28,2112,0,0.205555,-2.94222,-2.78966,0.93957,2.16804,1
15,29,130,0,0.437858,2.04174,-1.68723,0.49761,1.78578,1
15,31,211,1,0.2252,-0.722155,1.3825,0.13957,0.318704,1
15,32,-211,-1,0.381837,-1.81034,-3.11281,0.13957,1.20633,1
15,33,22,0,0.430215,1.96122,0.91291,0,1.55924,1
15,34,22,0,0.191951,0.410904,0.0435295,0,0.208385,1
15,40,22,0,0.0272123,-2.82809,-2.60069,0,0.230928,1
15,41,11,-1,0.0477908,-2.76601,1.12553,0.000511,0.381322,1
15,42,-11,1,0.132604,-2.70073,1.0956,0.000511,0.991726,1
15,43,22,0,0.117616,-3.419,2.13895,0,1.79787,1
15,44,22,0,0.0960956,-3.40004,-2.76886,0,1.44137,1
15,45,22,0,0.0742685,-2.51561,-2.45664,0,0.462504,1
15,46,22,0,0.0593711,-2.90775,0.530631,0,0.545326,1
15,47,22,0,0.0422547,-1.34391,0.986269,0,0.0865131,1
15,48,22,0,0.0450864,1.0865,1.32245,0,0.0744214,1
15,49,22,0,0.0845655,-0.401857,-0.852737,0,0.0914861,1
15,50,22,0,0.375091,0.163671,-1.3539,0,0.380126,1
16,9,-211,-1,0.195495,2.18577,-2.03719,0.13957,0.891683,1
16,12,2212,1,0.443723,-3.78179,2.55831,0.93827,9.78862,1
16,13,2212,1,0.307993,3.80266,1.60387,0.93827,6.96906,1
16,14,211,1,0.306399,2.5638,-0.408242,0.13957,2.00597,1
16,15,22,0,0.199772,-0.216072,-1.19511,0,0.204453,1
16,16,22,0,0.133781,0.30877,-0.551704,0,0.140209,1
17,17,-211,-1,0.789334,0.501892,0.77637,0.13957,0.901721,1
17,19,-211,-1,0.256667,-1.10365,0.588263,0.13957,0.451617,1
17,20,2212,1,0.407307,-0.897214,2.56055,0.93827,1.1044,1
17,27,-211,-1,0.683649,-0.113757,0.215677,0.13957,0.70209,1
17,28,211,1,1.07515,-1.20171,-1.24558,0.13957,1.9545,1
17,30,-211,-1,0.348761,-1.75309,2.88053,0.13957,1.04615,1
17,31,211,1,0.471591,-1.17055,-2.69385,0.13957,0.844899,1
17,33,211,1,0.265393,-1.48871,-2.90197,0.13957,0.633537,1
17,35,211,1,0.28146,2.24189,-2.54837,0.13957,1.34663,1
17,36,-211,-1,0.580547,1.57941,-0.325555,0.13957,1.47488,1
17,37,211,1,0.862959,0.988581,2.12968,0.13957,1.32748,1
17,39,2112,0,0.596734,-1.79364,1.36774,0.93957,2.06886,1
17,40,211,1,0.168421,-2.67729,-1.73997,0.13957,1.23857,1
17,41,22,0,0.483957,2.04155,-1.74251,0,1.89526,1
17,42,22,0,0.206897,2.32547,-2.06136,0,1.06854,1
17,43,22,0,0.0444862,-0.131188,1.75581,0,0.0448696,1
17,44,22,0,0.279606,-1.23053,1.39398,0,0.519392,1
17,45,22,0,0.167054,0.396167,2.75604,0,0.180336,1
17,46,22,0,0.119512,1.12458,-2.91941,0,0.203392,1
17,47,22,0,0.27916,1.77462,-1.52534,0,0.846917,1
17,48,22,0,0.0957154,0.984262,-1.37026,0,0.145944,1
18,10,2212,1,0.163954,-4.43265,-1.08866,0.93827,6.96315,1
18,11,211,1,0.444313,1.97186,2.24812,0.13957,1.63288,1
18,12,2112,0,0.237209,4.2507,1.61762,0.93957,8.37518,1
18,13,22,0,0.464784,-2.53706,-1.15311,0,2.95639,1
18,14,22,0,0.0282216,-1.59477,-0.482261,0,0.0723902,1
19,17,-211,-1,0.506316,0.535785,-1.35336,0.13957,0.597281,1
19,18,211,1,0.570978,-1.52628,-3.00919,0.13957,1.38266,1
19,19,2112,0,0.871189,-2.72824,-2.71359,0.93957,6.76122,1
19,27,-211,-1,0.73328,0.4976,1.37269,0.13957,0.83766,1
19,30,211,1,0.654417,0.250855,0.601757,0.13957,0.689392,1
19,32,211,1,0.334775,0.699071,0.396151,0.13957,0.442548,1
19,33,-211,-1,0.471618,-0.0234839,2.91841,0.13957,0.491961,1
19,34,2212,1,0.332928,3.09001,-2.93202,0.93827,3.78418,1
19,35,211,1,0.200693,2.06055,1.33067,0.13957,0.812609,1
19,39,22,0,0.0777067,-0.684208,-2.66589,0,0.0966163,1
19,40,22,0,0.300337,0.0448391,3.13817,0,0.300639,1
19,41,22,0,0.0536044,3.13243,-1.87742,0,0.615736,1
19,42,22,0,0.134497,2.14906,-0.569844,0,0.584618,1
19,43,22,0,0.334852,1.48913,-0.614548,0,0.780005,1
19,44,22,0,0.1064,2.11343,-0.283169,0,0.446739,1
19,45,22,0,0.186678,0.752131,0.467668,0,0.242017,1
19,46,22,0,0.360153,0.487491,0.016012,0,0.403802,1
19,47,22,0,0.049672,-0.966007,0.306458,0,0.0747075,1
19,48,22,0,0.183491,-0.757614,-1.24204,0,0.238719,1
19,49,22,0,0.172932,-0.0604915,0.319132,0,0.173248,1
19,50,22,0,0.0863187,0.278106,-0.787593,0,0.0896783,1
19,51,22,0,0.107834,-0.330018,-1.12312,0,0.11376,1
19,52,22,0,0.0391998,0.226016,1.93472,0,0.0402053,1
20,23,211,1,0.388778,-1.81301,2.73973,0.13957,1.23104,1
20,26,2112,0,0.626112,-2.91719,-1.619,0.93957,5.88067,1
20,27,2212,1,0.38621,3.37851,0.175297,0.93827,5.74693,1
20,28,-211,-1,0.166139,3.42726,1.13564,0.13957,2.56437,1
20,29,321,1,0.251152,1.05421,-1.84957,0.49368,0.637996,1
20,31,-321,-1,0.255887,-1.17728,-0.777699,0.49368,0.67115,1
20,32,211,1,0.307542,-1.1585,1.65658,0.13957,0.555867,1
20,36,22,0,0.251496,1.87908,-2.90263,0,0.842537,1
20,37,22,0,0.0198942,1.95985,-0.374793,0,0.0720083,1
20,38,22,0,0.154762,-1.83531,-0.0319229,0,0.4973,1
20,39,22,0,0.050643,-1.72249,1.69546,0,0.146284,1
20,40,22,0,0.110469,-1.87562,2.36946,0,0.368863,1
20,41,22,0,0.0495139,-0.724554,0.872175,0,0.0630894,1
20,42,22,0,0.219339,-1.30706,1.85007,0,0.434938,1
20,43,22,0,0.0747991,-2.02028,1.06883,0,0.286969,1
21,4,2212,1,0.442658,-3.79786,-1.33692,0.93827,9.92196,1
21,7,211,1,0.496772,1.20676,1.32787,0.13957,0.915277,1
21,8,2112,0,0.227992,4.3813,-2.91338,0.93957,9.16277,1
22,17,2212,1,0.856447,-2.78082,-0.975038,0.93827,6.99791,1
22,21,-211,-1,0.417522,0.388653,-2.2789,0.13957,0.470627,1
22,28,211,1,0.586898,2.15096,0.11279,0.13957,2.5596,1
22,30,211,1,0.185839,0.247926,-2.82739,0.13957,0.237029,1
22,31,-211,-1,0.351087,-1.70535,0.479573,0.13957,1.00768,1
22,32,211,1,0.135422,-0.394237,1.1038,0.13957,0.202039,1
22,34,2112,0,0.421258,1.94829,-0.310809,0.93957,1.7767,1
22,35,-211,-1,0.112572,0.938364,-3.08239,0.13957,0.216785,1
22,36,211,1,0.0733936,1.14198,-1.83511,0.13957,0.188489,1
22,38,22,0,0.0591802,-1.55371,-2.29141,0,0.146188,1
22,39,22,0,0.197352,-2.14399,2.83177,0,0.853608,1
22,40,22,0,0.188511,0.380364,2.21498,0,0.202313,1
22,41,22,0,0.563734,0.206498,2.59292,0,0.575796,1
22,42,22,0,0.386429,1.3277,2.2432,0,0.780092,1
22,43,22,0,0.296955,1.29049,2.64258,0,0.580503,1
22,44,22,0,0.26639,1.32008,-0.716284,0,0.534221,1
22,45,22,0,0.0835586,1.87371,-1.44211,0,0.2785,1
22,46,22,0,0.307077,2.46903,2.06333,0,1.82644,1
22,47,22,0,0.0232087,3.88588,1.62404,0,0.565483,1
23,3,2212,1,0.392882,3.78492,-1.87513,0.93827,8.70488,1
23,11,211,1,0.0631969,1.70935,2.44709,0.13957,0.228018,1
23,12,-211,-1,0.439539,-1.70635,-0.042765,0.13957,1.25833,1
23,13,211,1,0.0405889,-4.42287,-1.952,0.13957,1.69724,1
23,17,2212,1,0.234692,-3.06229,2.63078,0.93827,2.68332,1
23,18,211,1,0.249063,-1.82251,-1.85005,0.13957,0.802874,1
23,19,-211,-1,0.331008,-1.21224,-2.61154,0.13957,0.621381,1
23,22,22,0,0.0605623,0.75506,-0.280787,0,0.0786621,1
23,23,-2212,-1,0.572626,-1.54046,1.45143,0.93827,1.68325,1
23,25,22,0,0.168574,-1.79883,-1.6929,0,0.523257,1
23,26,22,0,0.0832787,-1.05392,-2.56711,0,0.133972,1
23,27,2212,1,0.414613,-0.36202,0.803557,0.93827,1.0372,1
23,28,-211,-1,0.144041,0.457309,1.06259,0.13957,0.211843,1
23,29,22,0,0.0926662,-0.582077,-2.49513,0,0.108813,1
23,30,22,0,0.0310185,-2.67863,-2.21553,0,0.22696,1
24,68,-211,-1,0.212996,-1.59347,-2.14294,0.13957,0.563262,1
24,70,-211,-1,0.905741,0.977319,-1.93313,0.13957,1.38092,1
24,71,2212,1,0.828074,2.30944,3.114,0.93827,4.31328,1
24,72,2212,1,0.306065,2.1111,-1.83808,0.93827,1.5888,1
24,73,211,1,0.726541,0.385348,0.720725,0.13957,0.793526,1
24,74,211,1,0.215947,-1.79177,0.672167,0.13957,0.680315,1
24,75,-211,-1,0.280548,0.0176866,-2.55728,0.13957,0.313387,1
24,76,211,1,0.421987,0.467956,0.97401,0.13957,0.489365,1
24,78,22,0,1.04374,-0.221049,0.811961,0,1.06935,1
24,79,22,0,1.25981,-0.684831,0.715588,0,1.56696,1
24,80,22,0,0.0578274,-0.546507,1.93096,0,0.0666802,1
24,81,22,0,0.0342174,-2.53188,-1.67438,0,0.216538,1
24,82,211,1,0.252433,-1.40546,3.02472,0.13957,0.563159,1
24,83,-211,-1,0.189576,-0.337481,0.44664,0.13957,0.244275,1
24,85,22,0,0.460196,-1.87763,-2.55613,0,1.53957,1
24,86,22,0,0.450557,-2.43423,-1.43556,0,2.5895,1
24,87,22,0,0.609976,-0.207369,-1.7797,0,0.623139,1
24,88,22,0,0.0599936,0.0209508,-2.46023,0,0.0600068,1
24,89,22,0,0.102731,0.600392,2.81078,0,0.12181,1
24,90,22,0,0.468124,1.12214,3.12899,0,0.795109,1
24,91,22,0,0.11249,-0.915604,0.297831,0,0.16303,1
24,92,22,0,0.0407754,-2.53184,1.18669,0,0.258029,1
25,33,211,1,1.1669,-0.0817611,1.6946,0.13957,1.17909,1
25,34,-211,-1,0.768756,-0.402043,-0.124108,0.13957,0.843357,1
25,39,2112,0,0.239943,-2.12151,2.65727,0.93957,1.38341,1
25,47,-211,-1,0.833939,-0.0473514,-1.52483,0.13957,0.84646,1
25,48,321,1,0.666016,-0.311896,0.934983,0.49368,0.855491,1
25,54,-211,-1,0.456142,-0.255956,-1.7757,0.13957,0.491403,1
25,55,2212,1,0.40048,3.0481,-0.726622,0.93827,4.33242,1
25,57,211,1,0.391983,0.868577,0.266878,0.13957,0.566829,1
25,58,130,0,0.638702,-0.504251,2.43263,0.49761,0.876571,1
25,60,211,1,0.239952,0.278543,0.143567,0.13957,0.285728,1
25,62,130,0,0.116958,2.90485,-1.40921,0.49761,1.18112,1
25,66,22,0,0.196396,-1.64299,-0.726029,0,0.526736,1
25,67,22,0,0.153008,-2.31917,-1.09055,0,0.785357,1
25,68,22,0,0.631848,0.528634,2.74298,0,0.72221,1
25,69,22,0,0.208893,-0.279974,-2.17909,0,0.217134,1
25,70,22,0,0.347846,-1.79115,-0.605486,0,1.07191,1
25,71,22,0,0.304343,-1.48646,1.34517,0,0.707227,1
25,72,211,1,0.22415,-0.0917539,-2.07864,0.13957,0.264853,1
25,73,-211,-1,0.821887,0.605394,-2.50167,0.13957,0.987073,1
25,74,22,0,0.323314,-0.706641,-2.67482,0,0.407452,1
25,75,22,0,0.0289791,0.572472,-2.40407,0,0.0338588,1
25,76,22,0,0.126976,-2.29423,1.73506,0,0.636,1
25,77,22,0,0.0717061,-1.54351,0.463452,0,0.175487,1
25,78,22,0,0.122679,-0.632014,2.84231,0,0.148007,1
25,79,22,0,0.049775,-1.36805,1.06144,0,0.104087,1
25,80,22,0,0.0364533,-1.21845,-3.09566,0,0.0670308,1
25,81,22,0,0.145332,-1.3673,0.829447,0,0.303709,1
26,22,2112,0,0.657188,1.2562,2.94034,0.93957,1.56182,1
26,26,-321,-1,0.589827,-2.38271,2.56379,0.49368,3.25998,1
26,28,2212,1,0.183962,-1.07113,-0.284077,0.93827,0.985057,1
26,30,-321,-1,0.285478,-0.306988,1.50491,0.49368,0.577185,1
26,31,211,1,0.234294,1.43497,1.31986,0.13957,0.538264,1
26,33,2212,1,0.233279,-3.1757,-1.29625,0.93827,2.95078,1
26,34,211,1,0.16641,-2.34124,0.184259,0.13957,0.883938,1
26,35,22,0,0.264994,2.27346,0.507846,0,1.30057,1
26,36,22,0,0.345451,2.11407,0.0881553,0,1.45134,1
26,37,211,1,0.319822,2.05337,0.00708348,0.13957,1.27455,1
26,38,-211,-1,0.045578,3.67528,1.15652,0.13957,0.910588,1
26,40,-2112,0,0.32254,1.8738,-2.54668,0.93957,1.42781,1
26,42,22,0,0.171346,-1.15287,2.84213,0,0.298398,1
26,43,22,0,0.16257,-0.745305,-2.72923,0,0.209851,1
26,44,211,1,0.586178,-0.819022,-0.912026,0.13957,0.806193,1
26,45,-211,-1,0.0274453,-3.22932,-0.18098,0.13957,0.374214,1
26,46,22,0,0.0820085,1.51764,-2.54267,0,0.196029,1
26,47,22,0,0.258119,1.84046,-1.64342,0,0.833484,1
26,48,22,0,0.0748336,0.853452,0.225362,0,0.103782,1
26,49,22,0,0.0560918,-0.0475986,2.62345,0,0.0561554,1
27,21,-211,-1,0.330877,1.56316,2.60578,0.13957,0.836169,1
27,22,211,1,0.602785,2.31235,-0.190486,0.13957,3.07651,1
27,23,2112,0,0.692042,1.50678,-2.41541,0.93957,1.88834,1
27,24,-2112,0,0.314923,1.3276,0.330318,0.93957,1.13441,1
27,29,211,1,0.318698,-2.4411,0.550196,0.13957,1.84937,1
27,30,-211,-1,0.151098,-0.332718,-0.629933,0.13957,0.211973,1
27,31,2212,1,0.283084,-0.896333,0.750904,0.93827,1.0218,1
27,32,211,1,0.237193,0.906603,1.96564,0.13957,0.368951,1
27,33,211,1,0.151504,2.73543,-2.86181,0.13957,1.18102,1
27,34,-211,-1,0.505902,1.30245,0.146475,0.13957,1.0089,1
27,35,211,1,0.448895,-1.13676,-2.48761,0.13957,0.784065,1
27,36,-211,-1,0.42195,-0.00714241,0.620508,0.13957,0.444444,1
27,37,2212,1,0.426928,-2.71231,2.52499,0.93827,3.36332,1
27,38,-211,-1,0.0986259,-0.770107,-2.11394,0.13957,0.19029,1
27,39,22,0,0.274093,-0.305165,-2.4798,0,0.286954,1
27,40,22,0,0.267661,-0.48791,-2.01202,0,0.300157,1
27,41,22,0,0.0288705,0.111402,0.275343,0,0.0290499,1
27,42,22,0,0.139369,-0.929201,2.58301,0,0.203991,1
27,44,22,0,0.275364,-2.25386,1.4755,0,1.3258,1
27,45,22,0,0.126464,-1.09803,-2.47897,0,0.210676,1
27,46,22,0,0.226011,-0.700774,-1.77337,0,0.283815,1
28,9,-211,-1,0.0830662,3.42747,1.676,0.13957,1.2881,1
28,11,211,1,0.128412,-1.20435,-1.54609,0.13957,0.27191,1
28,12,2112,0,0.489926,-3.67811,-0.207044,0.93957,9.74518,1
28,13,2212,1,0.313151,3.84194,3.08961,0.93827,7.36231,1
28,14,211,1,0.207207,2.54256,2.4621,0.13957,1.33251,1
29,38,211,1,0.44911,3.1986,-2.29111,0.13957,5.51213,1
29,44,-211,-1,0.327249,-1.6296,-0.012224,0.13957,0.878021,1
29,46,2212,1,0.31234,-0.607114,1.31542,0.93827,1.00921,1
29,49,211,1,0.394628,-1.70148,-3.01991,0.13957,1.12636,1
29,51,22,0,0.23791,1.60287,0.130401,0,0.614829,1
29,52,22,0,0.426074,1.18587,0.0728176,0,0.762461,1
29,53,22,0,0.195259,0.872167,0.944759,0,0.274351,1
29,54,22,0,0.227466,2.49079,-1.48425,0,1.38227,1
29,55,211,1,0.175933,-1.02152,2.38216,0.13957,0.309275,1
29,56,-211,-1,0.166971,0.318584,0.205816,0.13957,0.224245,1
29,59,22,0,0.0622953,-2.45481,1.87236,0,0.365366,1
29,60,22,0,0.820624,-1.10119,-1.31408,0,1.37053,1
29,61,22,0,0.215354,-1.07697,-0.992524,0,0.352792,1
29,62,22,0,0.0225964,-2.81543,-2.56796,0,0.18936,1
29,63,22,0,0.0993847,-0.524008,-2.21562,0,0.113344,1
29,64,211,1,0.239261,-0.689692,2.94123,0.13957,0.32948,1
29,65,-211,-1,0.997802,-0.480353,2.20633,0.13957,1.12385,1
29,66,22,0,0.054705,-0.27376,1.84934,0,0.0567677,1
29,67,22,0,0.272602,0.1907,2.89776,0,0.277574,1
29,68,22,0,0.158816,-0.880918,-1.07835,0,0.224527,1
29,69,22,0,0.0856475,-0.996524,-2.30546,0,0.131812,1
29,70,2212,1,0.320148,-2.86786,0.806468,0.93827,2.97796,1
29,71,-211,-1,0.103316,-1.94285,-0.526258,0.13957,0.393489,1
30,3,2212,1,0.14839,4.72015,-0.201828,0.93827,8.3769,1
30,8,321,1,0.607157,0.705747,-2.15489,0.49368,0.91025,1
30,11,2112,0,0.142077,-3.84871,-2.23506,0.93957,3.46532,1
30,13,130,0,0.274874,-1.16076,1.6441,0.49761,0.692637,1
30,14,211,1,0.144204,0.141347,-0.482613,0.13957,0.201724,1
30,15,-211,-1,0.073667,2.02908,-0.547873,0.13957,0.317375,1
30,20,211,1,0.24601,-2.60994,2.59467,0.13957,1.68748,1
30,21,-211,-1,0.218239,-2.05999,0.244559,0.13957,0.88117,1
30,23,22,0,0.388669,0.143312,1.71693,0,0.392667,1
30,24,22,0,0.0266617,-0.322328,3.05433,0,0.0280588,1
30,25,22,0,0.0205099,-0.921835,1.74096,0,0.0298592,1
30,26,22,0,0.115526,-2.70805,-0.720559,0,0.870297,1
30,27,22,0,0.119691,-1.01649,-0.0248631,0,0.187037,1
30,28,22,0,0.0980301,-1.74364,1.02254,0,0.288847,1
30,29,22,0,0.0225134,-3.02798,-1.51291,0,0.233058,1
30,30,22,0,0.156841,-1.20241,-0.590396,0,0.284557,1
30,31,22,0,0.180641,-2.12557,2.89595,0,0.767458,1
30,32,22,0,0.0522208,-2.68708,-2.01384,0,0.385308,1
31,21,2212,1,0.755181,3.07835,2.09928,0.93827,8.27301,1
31,25,-321,-1,0.490094,-1.27347,1.0968,0.49368,1.06546,1
31,29,2212,1,0.68268,-2.32461,-2.55019,0.93827,3.6456,1
31,30,211,1,0.490307,-1.19205,-0.0402584,0.13957,0.892901,1
31,31,22,0,0.195392,-2.02088,-1.05682,0,0.750063,1
31,32,22,0,0.350925,-1.81075,-0.58184,0,1.10166,1
31,33,22,0,0.0475016,-0.42008,-0.0155653,0,0.0517549,1
31,34,22,0,0.0955901,-0.0845928,2.80673,0,0.0959323,1
31,35,211,1,0.0869368,-2.31921,-1.96729,0.13957,0.467562,1
31,36,-211,-1,0.171939,-1.53585,-0.789321,0.13957,0.440551,1
31,38,211,1,0.214139,0.995553,-2.09481,0.13957,0.357673,1
31,39,-211,-1,0.201887,2.29143,-0.819983,0.13957,1.01806,1
31,40,22,0,0.302864,-2.47237,2.50741,0,1.80733,1
31,41,22,0,0.0133025,-1.53955,0.0199384,0,0.0324378,1
32,4,2212,1,0.297444,-4.18851,-1.69605,0.93827,9.85147,1
32,7,211,1,0.17411,1.06843,2.72779,0.13957,0.315822,1
32,9,2112,0,0.191997,4.52129,0.0709887,0.93957,8.87833,1
32,13,22,0,0.0441234,-0.0703272,1.70204,0,0.0442325,1
32,14,22,0,0.12466,1.14448,0.309185,0,0.215612,1
32,15,22,0,0.0857671,1.4481,3.0172,0,0.192549,1
32,16,22,0,0.0185598,-1.10081,-2.48865,0,0.0309875,1
32,17,22,0,0.0995862,1.07274,1.22712,0,0.162596,1
32,18,22,0,0.0554804,2.40033,2.41921,0,0.308402,1
33,29,2112,0,0.630745,-0.0212303,0.732015,0.93957,1.13173,1
33,38,-211,-1,0.603661,2.33072,2.79112,0.13957,3.13687,1
33,45,211,1,0.300188,0.824405,-2.70091,0.13957,0.431315,1
33,47,211,1,0.42418,0.340756,-0.0721646,0.13957,0.470236,1
33,49,211,1,0.27874,0.111953,1.79056,0.13957,0.313295,1
33,51,-211,-1,0.216651,-3.11335,2.00792,0.13957,2.44572,1
33,53,2212,1,0.141413,-3.52478,2.66582,0.93827,2.57902,1
33,54,211,1,0.353135,-1.14195,1.98223,0.13957,0.6253,1
33,55,22,0,0.638515,1.44564,-2.59237,0,1.43033,1
33,56,22,0,0.0958588,1.87574,-2.92529,0,0.320116,1
33,57,2112,0,0.424489,0.911609,0.107103,0.93957,1.12209,1
33,58,-211,-1,0.353334,0.482178,0.679348,0.13957,0.419131,1
33,59,-2212,-1,1.0928,-1.2079,-1.10329,0.93827,2.20171,1
33,60,211,1,0.115232,-1.92897,-0.934119,0.13957,0.428288,1
33,61,22,0,0.0454271,0.972056,-1.55777,0,0.0686331,1
33,62,22,0,0.30137,1.75586,-0.70488,0,0.898264,1
33,63,22,0,0.245542,0.304049,2.47301,0,0.256979,1
33,64,22,0,0.564431,0.129994,2.79231,0,0.569206,1
33,65,22,0,0.281761,1.6295,-1.67699,0,0.746297,1
33,66,22,0,0.0438108,0.694023,-2.4259,0,0.0547923,1
33,67,22,0,0.0630102,-0.55881,-0.762681,0,0.073107,1
33,68,22,0,0.267099,-0.279059,0.286707,0,0.277567,1
34,20,-211,-1,0.19779,2.77318,2.78481,0.13957,1.59555,1
34,23,211,1,0.226098,2.04121,-2.23914,0.13957,0.896083,1
34,24,-211,-1,0.293843,1.67012,0.967171,0.13957,0.820182,1
34,26,211,1,0.333416,2.94463,-0.542505,0.13957,3.17989,1
34,29,2212,1,0.545106,-2.37736,-1.11688,0.93827,3.10746,1
34,30,211,1,0.372457,-2.22561,1.52552,0.13957,1.75,1
34,31,-211,-1,0.324245,-1.80861,-1.55883,0.13957,1.02538,1
34,33,211,1,0.75343,-0.369832,3.12583,0.13957,0.817547,1
34,35,2212,1,1.25735,0.587116,0.760022,0.93827,1.75266,1
34,37,211,1,0.159078,-1.33443,0.863474,0.13957,0.351883,1
34,38,-211,-1,0.599073,-1.17438,-2.71054,0.13957,1.07103,1
34,39,-211,-1,0.386639,0.258856,-1.44306,0.13957,0.423335,1
34,41,22,0,0.0217615,1.34419,1.53859,0,0.0445656,1
34,42,22,0,0.279374,1.51059,-2.66795,0,0.663537,1
34,43,22,0,0.26404,-1.75625,0.0709604,0,0.787281,1
34,44,22,0,0.296807,-1.27864,0.0729809,0,0.574345,1
34,45,22,0,0.0770914,1.66068,-2.92047,0,0.210186,1
34,46,22,0,0.153964,0.589664,-2.39085,0,0.181516,1
34,47,22,0,0.0258593,2.74144,0.932428,0,0.201364,1
34,48,22,0,0.112855,0.715646,1.67689,0,0.143009,1
34,49,22,0,0.253165,-0.327775,2.72595,0,0.266887,1
34,50,22,0,0.0831209,-1.07822,2.19464,0,0.136304,1
35,62,-211,-1,0.13923,-0.572144,-1.39019,0.13957,0.214322,1
35,70,2112,0,0.303212,-0.00963088,-1.6004,0.93957,0.987288,1
35,71,211,1,0.689808,-1.65639,1.27148,0.13957,1.87843,1
35,76,-211,-1,0.388027,0.35974,-0.119292,0.13957,0.436331,1
35,77,211,1,0.136923,-1.03173,-0.583178,0.13957,0.257585,1
35,78,-211,-1,0.153295,2.20317,2.28964,0.13957,0.716138,1
35,79,211,1,0.316778,-1.24924,-1.30733,0.13957,0.613901,1
35,80,-211,-1,0.104492,1.27456,-0.489136,0.13957,0.245112,1
35,90,-211,-1,0.339522,0.0861325,0.69274,0.13957,0.368255,1
35,94,-211,-1,0.223727,-2.14072,-3.09876,0.13957,0.974659,1
35,95,211,1,0.655719,-0.472456,1.20425,0.13957,0.743492,1
35,96,-211,-1,0.25406,-0.829989,-0.580718,0.13957,0.373748,1
35,97,211,1,0.692796,-0.511231,1.25348,0.13957,0.797625,1
35,99,2212,1,0.668385,1.11584,0.439255,0.93827,1.46837,1
35,100,211,1,0.136463,1.96023,1.89035,0.13957,0.513452,1
35,101,211,1,0.429699,0.54744,-3.12456,0.13957,0.514985,1
35,103,211,1,0.60063,-1.39558,-2.83514,0.13957,1.2944,1
35,104,-211,-1,0.0157572,1.89262,1.0009,0.13957,0.149464,1
35,105,22,0,0.407776,-0.677137,-0.0371226,0,0.504889,1
35,106,22,0,0.233753,-0.425125,0.321584,0,0.255196,1
35,107,2112,0,0.632358,2.00641,-2.64414,0.93957,2.57159,1
35,109,-2112,0,0.876226,1.11686,-2.20607,0.93957,1.75469,1
35,110,211,1,0.121972,0.940794,-0.40535,0.13957,0.227812,1
35,111,211,1,0.303809,-1.1663,-2.83635,0.13957,0.552857,1
35,112,-211,-1,0.183104,-0.018724,-0.372314,0.13957,0.230258,1
35,114,22,0,0.0597803,0.956531,3.05342,0,0.0892782,1
35,115,22,0,0.307472,0.0590617,2.69054,0,0.308008,1
35,116,22,0,0.183892,-0.446531,-1.8249,0,0.202532,1
35,117,22,0,0.269351,0.146055,-1.74561,0,0.272229,1
35,118,22,0,0.0392841,1.5111,-1.13749,0,0.0933469,1
35,119,22,0,0.118215,0.556091,3.08575,0,0.13697,1
35,120,22,0,0.0756156,-1.75183,2.44343,0,0.224526,1
35,121,22,0,0.0204568,0.847598,2.94682,0,0.0282557,1
36,4,2212,1,0.0748174,-5.55264,2.46863,0.93827,9.694,1
36,15,2112,0,0.299985,3.64347,1.03728,0.93957,5.81368,1
36,16,211,1,0.370818,1.80691,0.993193,0.13957,1.16825,1
36,17,22,0,0.33946,0.526595,-0.869247,0,0.387624,1
36,18,22,0,0.149078,0.287892,-1.42669,0,0.155298,1
36,19,22,0,0.309859,1.25549,2.8213,0,0.587876,1
36,20,22,0,0.164423,0.787525,-3.09291,0,0.218101,1
36,21,22,0,0.0280085,3.58813,-2.44412,0,0.506871,1
36,22,22,0,0.286111,2.319,-1.77218,0,1.46831,1
37,50,2112,0,0.481431,0.766151,2.96285,0.93957,1.13111,1
37,53,211,1,0.504456,-1.32202,-2.66498,0.13957,1.02291,1
37,55,211,1,0.469698,1.59364,2.15256,0.13957,1.21162,1
37,61,211,1,0.404093,1.29628,-2.29088,0.13957,0.806059,1
37,62,2112,0,0.967033,-0.171921,-2.06727,0.93957,1.35862,1
37,65,2212,1,0.510652,0.329375,-0.864664,0.93827,1.08187,1
37,71,-211,-1,0.253137,0.523174,1.80742,0.13957,0.320557,1
37,77,211,1,0.322457,0.590489,-2.9724,0.13957,0.405127,1
37,79,-211,-1,0.535049,0.770888,-1.5373,0.13957,0.7158,1
37,81,-321,-1,0.617691,1.30032,0.425562,0.49368,1.31401,1
37,82,211,1,0.241254,0.152198,-0.57604,0.13957,0.281144,1
37,83,2212,1,0.271971,-1.70488,1.61279,0.93827,1.21552,1
37,84,211,1,0.248763,-0.174339,1.8061,0.13957,0.288553,1
37,85,-2212,-1,0.655078,-1.64916,2.05671,0.93827,2.00068,1
37,86,-211,-1,0.510991,-0.805666,1.147,0.13957,0.700053,1
37,87,22,0,0.0884175,1.08363,2.45902,0,0.145613,1
37,88,22,0,0.378338,1.62834,1.96353,0,1.00102,1
37,89,-2212,-1,0.887572,-0.301503,-0.581943,0.93827,1.31983,1
37,91,22,0,0.0427792,2.12931,1.96682,0,0.182411,1
37,92,22,0,0.216606,0.997344,1.21283,0,0.333566,1
37,93,211,1,0.269128,-1.08894,-1.03705,0.13957,0.466466,1
37,94,-211,-1,0.249865,-0.552488,1.00897,0.13957,0.320919,1
37,96,22,0,0.241257,-1.04575,2.50667,0,0.385645,1
37,97,22,0,0.310256,-0.851068,-0.803126,0,0.429567,1
37,98,22,0,0.618248,0.204384,0.173674,0,0.631206,1
37,99,22,0,0.119049,-0.115665,-3.12751,0,0.119846,1
37,100,22,0,0.079376,-1.46844,-0.72039,0,0.181483,1
37,101,22,0,0.0907317,-0.898711,-2.38952,0,0.129906,1
37,102,22,0,0.108671,-1.04065,-1.21171,0,0.17302,1
37,103,22,0,0.0557172,-1.63897,0.684971,0,0.148877,1
37,104,22,0,0.0106191,2.17228,-1.74733,0,0.0472137,1
37,105,22,0,0.107375,-0.635291,-2.98654,0,0.129782,1
38,3,2212,1,0.0380634,6.23582,0.613074,0.93827,9.76513,1
38,7,211,1,0.269282,-1.36683,2.60225,0.13957,0.579559,1
38,8,-211,-1,0.113694,-1.36833,-1.61141,0.13957,0.27574,1
38,10,2212,1,0.310608,-3.92725,2.48023,0.93827,7.94306,1
38,11,211,1,0.299779,-1.09156,0.861174,0.13957,0.516058,1
38,12,-211,-1,0.529825,-1.13564,-1.07009,0.13957,0.92045,1
39,17,211,1,0.424885,2.53254,-0.309482,0.13957,2.69417,1
39,18,2112,0,0.800691,2.63162,2.1923,0.93957,5.6705,1
39,23,211,1,0.412777,0.970328,-2.52695,0.13957,0.638279,1
39,28,2112,0,0.714114,-2.88633,-0.898611,0.93957,6.48942,1
39,29,22,0,0.0361464,1.07706,1.11278,0,0.0592191,1
39,30,22,0,0.820584,0.332449,0.928887,0,0.86635,1
39,31,22,0,0.425581,-0.539273,-2.13289,0,0.488978,1
39,32,22,0,0.341962,-0.679829,-2.459,0,0.424074,1
39,36,211,1,0.150062,-1.41012,-2.41773,0.13957,0.354323,1
39,37,-211,-1,0.110669,-0.652769,-1.11229,0.13957,0.194244,1
39,39,22,0,0.176103,-0.954364,2.49948,0,0.262577,1
39,40,22,0,0.112869,-1.78556,2.06592,0,0.345978,1
39,41,22,0,0.0754557,-0.775193,-2.89024,0,0.0992856,1
39,42,22,0,0.058318,-0.348129,0.0393984,0,0.0618878,1
39,43,22,0,0.077442,-0.719051,1.50857,0,0.0983397,1
39,44,22,0,0.198354,-0.792342,2.65731,0,0.263944,1
39,45,22,0,0.230262,-1.78069,-0.148175,0,0.702582,1
39,46,22,0,0.15899,-1.19152,0.22875,0,0.285851,1
40,4,2212,1,0.296451,-4.19815,-2.08607,0.93827,9.91311,1
40,12,2212,1,0.482173,3.6907,0.495131,0.93827,9.7125,1
40,13,22,0,0.100782,0.560868,-2.58478,0,0.117053,1
40,14,22,0,0.209399,0.664355,2.73861,0,0.257334,1
41,49,211,1,0.66993,0.76039,-2.34658,0.13957,0.884203,1
41,54,211,1,0.54963,0.845146,-2.70246,0.13957,0.770632,1
41,55,-211,-1,0.621441,-1.75702,-0.808305,0.13957,1.85953,1
41,65,-211,-1,0.987782,-0.400104,-0.958794,0.13957,1.07699,1
41,67,211,1,0.07497,-2.67333,-2.0122,0.13957,0.56324,1
41,70,2112,0,0.35147,1.36149,1.29438,0.93957,1.19029,1
41,71,-211,-1,0.667433,0.405058,-2.17074,0.13957,0.736289,1
41,73,2212,1,0.310096,-1.49672,1.131,0.93827,1.18715,1
41,76,211,1,0.516884,0.000124425,1.49899,0.13957,0.535396,1
41,77,130,0,0.769919,-0.587295,1.76554,0.49761,1.03415,1
41,78,211,1,0.677448,-1.13021,-1.30259,0.13957,1.16657,1
41,79,-211,-1,0.0871625,0.864841,0.767902,0.13957,0.185271,1
41,80,211,1,0.510382,-0.540901,0.328164,0.13957,0.603251,1
41,81,-211,-1,0.5933,-0.331728,-2.34686,0.13957,0.641609,1
41,83,211,1,0.362155,-0.17222,2.13869,0.13957,0.393147,1
41,84,-211,-1,0.250386,-0.549776,1.19059,0.13957,0.321107,1
41,89,211,1,0.125167,2.33981,0.81813,0.13957,0.670291,1
41,90,-211,-1,0.422274,1.14493,2.46289,0.13957,0.743842,1
41,92,22,0,0.0169944,2.64851,2.38029,0,0.120692,1
41,93,22,0,0.30346,2.83124,-1.48448,0,2.58327,1
41,94,22,0,0.128223,-0.829698,-0.557139,0,0.174948,1
41,95,22,0,0.0286425,-1.98239,-2.95982,0,0.105946,1
41,96,22,0,0.330251,-0.570168,1.43053,0,0.385401,1
41,97,22,0,0.185445,-0.999952,1.7636,0,0.286146,1
41,100,22,0,0.130911,1.20993,2.19018,0,0.239009,1
41,101,22,0,0.0562693,0.699533,-2.41844,0,0.0706075,1
41,102,22,0,0.142348,0.438401,1.74008,0,0.156248,1
41,103,22,0,0.0292208,-0.192386,-1.578,0,0.0297633,1
41,104,22,0,0.0527628,0.218528,2.90989,0,0.0540276,1
41,105,22,0,0.0196479,-2.58486,0.807435,0,0.13102,1
41,106,22,0,0.183077,0.102437,1.43943,0,0.184038,1
41,107,22,0,0.0939411,0.339628,0.390584,0,0.0994113,1
41,108,22,0,0.110706,0.225424,0.034339,0,0.11353,1
41,109,22,0,0.065534,1.22968,1.30836,0,0.121648,1
41,110,22,0,0.249203,-0.108804,0.71705,0,0.25068,1
41,111,22,0,0.0304141,-0.675103,-0.891011,0,0.0376122,1
41,112,22,0,0.0185534,-2.40033,-0.113311,0,0.103133,1
41,113,22,0,0.149312,-0.721566,-2.22594,0,0.189898,1
42,16,211,1,0.173619,-2.70392,-1.67833,0.13957,1.31004,1
42,25,321,1,0.445217,2.11823,-0.82272,0.49368,1.94186,1
42,27,-211,-1,0.491966,0.370201,-1.99084,0.13957,0.544264,1
42,31,-211,-1,0.152755,0.0115306,-2.3794,0.13957,0.206923,1
42,33,211,1,0.121415,-1.20575,1.73071,0.13957,0.261297,1
42,35,130,0,0.106755,3.4689,2.31894,0.49761,1.78589,1
42,36,-321,-1,0.531099,0.876212,0.829652,0.49368,0.896525,1
42,37,211,1,0.521178,-0.114171,1.83465,0.13957,0.542828,1
42,38,211,1,0.478721,-1.07016,-0.45547,0.13957,0.792416,1
42,40,2112,0,0.428395,-2.68515,-2.68987,0.93957,3.29176,1
42,42,211,1,0.145792,0.723234,-1.60816,0.13957,0.232232,1
42,43,-211,-1,0.239588,-0.853964,2.14013,0.13957,0.360501,1
42,45,2112,0,0.186364,3.39809,-1.94986,0.93957,2.94385,1
42,47,22,0,0.152731,-2.1776,-1.45909,0,0.682589,1
42,48,22,0,0.0421535,-0.764279,-2.16428,0,0.0550759,1
42,49,22,0,0.0294906,-3.50561,-1.61821,0,0.491486,1
42,50,22,0,0.149511,-2.13549,-0.0762598,0,0.641357,1
42,51,22,0,0.0433246,2.60143,-2.71417,0,0.293679,1
42,52,22,0,0.122527,1.55307,-1.02876,0,0.302492,1
42,53,22,0,0.463919,-0.610041,1.76021,0,0.552953,1
42,54,22,0,0.592176,-0.744115,1.53995,0,0.763827,1
42,55,22,0,0.0876908,-0.468253,-0.845789,0,0.0974813,1
42,56,22,0,0.119275,-0.487399,-2.28701,0,0.133726,1
42,57,22,0,0.112126,-0.209807,-0.454626,0,0.114603,1
42,58,22,0,0.0497191,-1.48742,-1.72149,0,0.115637,1
42,59,22,0,0.0997402,1.79729,-2.71562,0,0.309147,1
42,60,22,0,0.0768618,2.15353,1.87226,0,0.335552,1
43,16,321,1,0.256692,1.64581,-0.662058,0.49368,0.84863,1
43,17,-321,-1,0.442507,0.381504,-2.46678,0.49368,0.685158,1
43,20,2212,1,0.719965,2.59761,1.33023,0.93827,4.95166,1
43,25,-211,-1,0.505629,0.734899,-1.89524,0.13957,0.663276,1
43,26,321,1,0.524487,-1.83862,1.26817,0.49368,1.76126,1
43,28,2212,1,0.178823,-3.80865,0.151106,0.93827,4.14118,1
43,29,-211,-1,0.627771,-0.744101,1.63743,0.13957,0.821675,1
43,30,211,1,0.444737,0.485065,-1.41758,0.13957,0.517277,1
43,35,22,0,0.402448,-0.305269,0.0286045,0,0.421346,1
43,36,22,0,0.029224,0.00356912,-1.26516,0,0.0292242,1
43,37,22,0,0.0870267,2.36864,1.99342,0,0.468921,1
43,38,22,0,0.0639492,3.99324,1.97286,0,1.73458,1
43,39,22,0,0.241846,0.0682307,-2.50992,0,0.242409,1
43,40,22,0,0.291538,0.073801,-3.02387,0,0.292332,1
43,41,22,0,0.19595,-1.69002,2.78431,0,0.549064,1
43,42,22,0,0.0266075,-0.369016,1.47629,0,0.0284397,1
43,43,211,1,0.0861245,-2.40867,-2.96797,0.13957,0.502461,1
43,44,-211,-1,0.553108,-1.52734,-1.2512,0.13957,1.3411,1
44,38,-321,-1,0.651896,-0.0178212,-0.776673,0.49368,0.817817,1
44,43,-211,-1,0.231881,0.901561,2.65963,0.13957,0.360768,1
44,45,211,1,0.653723,0.463312,0.306385,0.13957,0.73846,1
44,46,-211,-1,0.153711,0.976752,-2.2935,0.13957,0.271649,1
44,47,211,1,0.0976054,0.582325,2.18733,0.13957,0.180608,1
44,49,2112,0,0.328936,-2.25001,-1.10279,0.93957,1.83635,1
44,50,211,1,0.62648,-1.4715,-2.0649,0.13957,1.44308,1
44,52,321,1,0.327077,0.124437,0.329325,0.49368,0.593603,1
44,53,-211,-1,0.642552,-0.231416,2.30393,0.13957,0.674434,1
44,54,2212,1,0.666982,2.03926,3.13602,0.93827,2.76999,1
44,55,211,1,0.0761309,-0.576824,1.982,0.13957,0.165613,1
44,56,22,0,0.214612,-0.00187968,-2.69934,0,0.214613,1
44,57,22,0,0.224383,-0.0375206,2.9597,0,0.224541,1
44,58,211,1,0.28965,0.75495,-1.42305,0.13957,0.401245,1
44,59,-211,-1,0.263891,1.43975,0.318912,0.13957,0.60437,1
44,61,22,0,0.254375,2.00768,-0.398738,0,0.964121,1
44,62,22,0,0.856439,1.77382,-0.568323,0,2.59629,1
44,63,22,0,0.785381,-2.13634,2.04164,0,3.37184,1
44,64,22,0,0.302369,-1.87819,1.94307,0,1.01211,1
44,65,22,0,0.295604,-0.915991,1.47186,0,0.428533,1
44,66,22,0,0.0541698,-0.735726,2.57882,0,0.069504,1
44,67,22,0,0.0524492,-0.247918,-1.78135,0,0.0540693,1
44,68,22,0,0.117009,1.16838,-2.57978,0,0.206384,1
45,57,211,1,0.343035,-0.387477,2.60828,0.13957,0.394617,1
45,58,2212,1,0.306841,2.75429,0.495906,0.93827,2.5955,1
45,80,2212,1,0.815982,-0.572782,-2.86065,0.93827,1.33775,1
45,82,-211,-1,0.940173,-0.717186,2.04031,0.13957,1.20065,1
45,84,211,1,0.263098,-0.470457,1.2627,0.13957,0.324323,1
45,85,-211,-1,0.578548,-1.36975,-0.831818,0.13957,1.21965,1
45,86,321,1,0.396532,0.257905,-2.69446,0.49368,0.6416,1
45,90,-211,-1,0.621523,-0.261401,-0.884208,0.13957,0.657855,1
45,92,211,1,0.521869,0.234152,-2.782,0.13957,0.554106,1
45,93,-211,-1,0.324618,-0.354302,-0.148299,0.13957,0.372353,1
45,95,211,1,0.617424,-1.38576,-0.690549,0.13957,1.31881,1
45,96,-211,-1,0.32102,-0.722543,-0.0326307,0.13957,0.431711,1
45,98,22,0,0.170974,-1.61948,2.86381,0,0.448677,1
45,99,22,0,0.178094,-2.23386,-2.95827,0,0.840863,1
45,100,211,1,0.498499,1.46732,1.32199,0.13957,1.14712,1
45,101,-211,-1,0.171486,1.96544,1.34049,0.13957,0.639469,1
45,103,22,0,0.4328,1.59154,0.912845,0,1.10687,1
45,104,22,0,0.0313144,0.677018,1.59538,0,0.0387693,1
45,108,22,0,0.827045,-0.159851,-1.38492,0,0.837634,1
45,109,22,0,0.0371873,-0.86993,-1.6438,0,0.0521687,1
45,110,22,0,0.092343,-0.512781,3.0733,0,0.104752,1
45,111,22,0,0.226275,0.385155,-3.10974,0,0.243266,1
45,112,22,0,0.174997,-1.06009,2.30954,0,0.282886,1
45,113,22,0,0.245549,-0.537379,1.92708,0,0.281864,1
45,114,22,0,0.433997,0.707588,1.12671,0,0.547254,1
45,115,22,0,0.0512816,0.774079,2.06286,0,0.0674281,1
45,116,22,0,0.0368294,-0.776302,-2.27649,0,0.0484956,1
45,117,22,0,0.229093,0.215548,2.90699,0,0.234435,1
45,118,211,1,0.110176,1.55524,1.50713,0.13957,0.306198,1
45,119,-211,-1,0.151958,-0.506592,-1.46873,0.13957,0.221408,1
45,120,22,0,0.0489301,-1.10532,0.326755,0,0.0819898,1
45,121,22,0,0.0952002,-1.26577,-2.47487,0,0.182205,1
45,122,22,0,0.0785933,1.4851,-0.570995,0,0.18241,1
45,123,22,0,0.113431,1.48461,1.02166,0,0.263149,1
45,124,22,0,0.230845,0.410686,-1.06799,0,0.250588,1
45,125,22,0,0.0883617,-0.479183,-0.849172,0,0.0987019,1
45,126,22,0,0.251622,-0.258193,-0.702698,0,0.260055,1
45,127,22,0,0.0169518,-1.55539,1.03848,0,0.0419392,1
45,128,22,0,0.0147493,2.01615,0.572273,0,0.0563607,1
45,129,22,0,0.0505681,-1.09618,-2.26887,0,0.0841165,1
46,34,211,1,0.339594,1.58084,1.26402,0.13957,0.871243,1
46,37,-211,-1,0.25545,2.30219,1.88643,0.13957,1.29706,1
46,43,211,1,0.904208,0.192761,-2.83861,0.13957,0.931573,1
46,44,-211,-1,0.615579,-1.11003,-0.676358,0.13957,1.04477,1
46,45,2212,1,0.875171,-2.71843,1.92676,0.93827,6.72689,1
46,46,-211,-1,0.12222,2.38057,-0.283773,0.13957,0.680776,1
46,48,2212,1,0.15564,3.54965,1.3384,0.93827,2.86826,1
46,49,211,1,0.100917,0.81277,-0.566664,0.13957,0.194961,1
46,50,22,0,0.157109,-0.0135216,-1.1756,0,0.157123,1
46,51,22,0,0.320431,0.0946907,-0.574833,0,0.321869,1
46,52,22,0,0.228819,-0.758177,2.40535,0,0.297796,1
46,53,22,0,0.185642,-1.23188,1.95399,0,0.345241,1
46,54,211,1,0.249302,1.00866,3.01465,0.13957,0.41163,1
46,55,-211,-1,0.0390357,-0.87498,-0.998262,0.13957,0.15,1
46,57,211,1,0.277861,1.98287,-1.79578,0.13957,1.03768,1
46,58,-211,-1,0.234406,1.31827,-1.03727,0.13957,0.48966,1
46,59,22,0,0.270024,0.926719,-1.46979,0,0.394513,1
46,60,211,1,0.115317,-0.329108,-1.53529,0.13957,0.185124,1
46,61,-211,-1,0.328599,-0.309534,0.225004,0.13957,0.371669,1
46,63,22,0,0.0991892,0.111687,-2.18196,0,0.0998085,1
46,64,22,0,0.22435,-0.240768,-1.32322,0,0.230884,1
46,65,22,0,0.0534438,1.64424,0.996448,0,0.143503,1
46,66,22,0,0.140096,1.66131,-0.79264,0,0.38219,1
46,67,22,0,0.130328,-0.23831,1.98392,0,0.134046,1
46,68,22,0,0.231649,-0.0273326,1.21778,0,0.231735,1
47,19,211,1,0.568066,1.54751,0.511597,0.13957,1.40228,1
47,20,-211,-1,0.667272,0.439519,-1.51183,0.13957,0.745941,1
47,34,2212,1,0.729371,2.11408,0.562199,0.93827,3.20476,1
47,35,211,1,0.230657,1.72334,-1.98462,0.13957,0.681243,1
47,36,-211,-1,0.366782,1.20655,0.573726,0.13957,0.68219,1
47,38,130,0,0.624501,0.601129,-2.3123,0.49761,0.892391,1
47,39,211,1,0.209036,-2.28306,-2.59741,0.13957,1.04499,1
47,40,-211,-1,0.652965,-2.38017,0.793355,0.13957,3.56116,1
47,42,211,1,0.539199,-0.744936,2.32599,0.13957,0.709715,1
47,43,130,0,0.305213,0.928166,-1.737,0.49761,0.668495,1
47,45,22,0,0.453128,0.990349,-2.64385,0,0.694107,1
47,46,22,0,0.140896,0.584643,-2.98982,0,0.16567,1
47,47,2212,1,0.635495,-1.83505,1.31759,0.93827,2.24684,1
47,48,-211,-1,0.0911139,-1.27204,2.1152,0.13957,0.224092,1
47,52,22,0,0.0997443,0.918894,-1.27065,0,0.144902,1
47,53,22,0,0.534105,1.03885,-1.85112,0,0.849182,1
47,56,22,0,0.109095,0.729008,1.18059,0,0.139392,1
47,57,22,0,0.0400267,1.22353,-2.23976,0,0.0739164,1
47,58,22,0,0.149958,0.336968,-0.19655,0,0.158552,1
47,59,22,0,0.0287953,2.11843,-0.533495,0,0.121491,1
47,60,22,0,0.11714,0.289389,2.81378,0,0.122079,1
47,61,22,0,0.0343677,1.59679,-1.61554,0,0.0883196,1
47,62,22,0,0.400807,-1.57007,2.76646,0,1.00503,1
47,63,22,0,0.0500644,-1.6426,1.7764,0,0.134225,1
47,64,22,0,0.0711648,-1.69823,-0.256199,0,0.200943,1
47,65,22,0,0.0380181,0.0643095,-2.2035,0,0.0380968,1
48,19,321,1,0.283749,-1.21662,-3.09927,0.49368,0.717718,1
48,23,-211,-1,0.320566,-2.06185,3.10854,0.13957,1.28788,1
48,24,211,1,0.995278,-1.63646,-0.0341511,0.13957,2.65689,1
48,25,2112,0,0.5073,-2.84719,2.91251,0.93957,4.48693,1
48,28,211,1,0.411297,-0.16364,1.64061,0.13957,0.439563,1
48,29,-211,-1,0.515692,-0.868082,-0.492518,0.13957,0.735866,1
48,31,2212,1,0.232792,4.05987,-0.832646,0.93827,6.81404,1
48,32,130,0,0.57556,1.18161,-2.19288,0.49761,1.14061,1
48,33,211,1,0.422709,1.74644,1.61114,0.13957,1.25658,1
48,34,-211,-1,0.0570349,2.02094,-1.62448,0.13957,0.259656,1
48,36,22,0,0.155251,0.421093,2.9738,0,0.16922,1
48,37,22,0,0.0295455,0.602013,0.0793766,0,0.0350631,1
49,4,2212,1,0.245049,-4.38167,1.48487,0.93827,9.84482,1
49,7,211,1,0.201518,0.230218,-2.27947,0.13957,0.24956,1
49,9,2112,0,0.206545,4.03404,-0.848667,0.93957,5.91071,1
49,10,211,1,0.143347,3.18955,1.52144,0.13957,1.74859,1
49,11,-211,-1,0.211538,2.16893,-0.168879,0.13957,0.947786,1
49,13,22,0,0.167598,2.11669,-2.57303,0,0.705921,1
49,14,22,0,0.110965,2.35958,2.70956,0,0.592609,1
